{
    "actorSpecification": 1,
    "name": "carzilla-scraper",
    "title": "Carzilla.de Car Scraper",
    "description": "Scrapes car listings from Carzilla.de and returns them in UnifiedCar format for importocoches.com integration",
    "version": "1.0",
    "meta": {
        "templateId": "javascript-playwright"
    },
    "input": "./INPUT_SCHEMA.json",
    "dockerfile": "./Dockerfile",
    "readme": "./README.md",
    "storages": {
        "dataset": {
            "name": "carzilla-results"
        }
    }
}